use test;
# insert into cart (cart_id, active, created, user_id) values (1, false, '2022-09-02 22:10:04', 1);
insert into super_category values (4, 'Everything related to clothes.', '/webapp/admin/assets/img/team-3.jpg', 'Clothing');
insert into super_category values (5, 'Computers, Phones, Tech Accessories, etc.', '/webapp/admin/assets/img/feature_prod_03.jpg', 'Phones, Computers&Co');
insert into super_category values (3, 'These are your feet wearables and Jewelry', '/webapp/admin/assets/img/category_img_02.jpg', 'Shoes&Jewelry');
insert into super_category values (2, 'Everything that you might for your home.', '/webapp/admin/assets/img/home-decor-3.jpg', 'Household Accessories');

#Category: Long id, String name, String description, String image, Long superCategoryId
insert into category values (2, 'Sneakers', 'Really cool and nerd looking shoes.', '/webapp/admin/assets/img/category_img_02.jpg', 3);
insert into category values (3, 'Jewels', 'Those very expensive things only for super wealthy people...or not', '/webapp/admin/assets/img/category_img_04.png', 3);
insert into category values (4, 'Dresses', 'Fancy Dresses and all.', '/webapp/admin/assets/img/default_category.png', 4);
insert into category values (5, 'Fitness Shoes', 'These shoes are for the workout oriented croud.', '/webapp/admin/assets/img/category_img_02.jpg', 2);
insert into category values (6, 'Chairs', 'That\'s a bunch of chairs to sit on.', '/webapp/admin/assets/img/chair.png', 3);
insert into category values (7, 'Utensils', 'Tools for the kitchen lovers.', '/webapp/admin/assets/img/default_category.png', 2);
insert into category values (8, 'Street Wear', 'What\'s swaggin\' right now ?', '/webapp/admin/assets/img/default_category.png', 4);
insert into category values (9, 'Tongues', 'Lightweight and versatile.', '/webapp/admin/assets/img/default_category.png', 3);
insert into category values (10, 'Wall Decorations', 'From painting to fancy lighting on your walls.', '/webapp/admin/assets/img/default_category.png', 2);
insert into category values (11, 'Carpets', 'Persian and other types of carpets.', '/webapp/admin/assets/img/default_category.png', 2);
insert into category values (12, 'Sports Wear', 'For the athletes out there!', '/webapp/admin/assets/img/default_category.png', 4);
insert into category values (13, 'Phones', 'These are now man\'s best friends.', '/webapp/admin/assets/img/default_category.png', 5);
insert into category values (14, 'Computers', 'They are indispensable in this modern day and age.', '/webapp/admin/assets/img/default_category.png', 5);
insert into category values (15, 'Cameras', 'Professional cameras for those who who need it.', '/webapp/admin/assets/img/default_category.png', 5);

#Product: Long id, String description, String image, String productName, double unitPrice, Long brandId, Long categoryId
#Jewels
insert into product values (1, 'This...looks really EXPENSIVE.', '/webapp/admin/assets/img/necklace.png', 'Silver Necklace with VVS Diamond in a cube', 49999.99, 5, 3);
insert into product (product_id, product_name, description, unit_price, category_id, image, brand_id) values (2, 'Silver Ring', 'Don\'t worry. Silver can\'t rust.', 499.99, 3, '/webapp/admin/assets/img/silverRing.png', 5);
insert into product (product_id, product_name, description, unit_price, category_id, image, brand_id) values (3, 'Golden Bracelet', 'What goes for silver, goes for gold. With more shinyness and wheight though.', 999.99, 3, '/webapp/admin/assets/img/bracelet.png', 5);

#Shoes
insert into product (product_id, product_name, description, unit_price, category_id, image, brand_id) values (4, 'SkyXplorer Air One', 'The new futuristic looking sneakers !', 49.99, 2, '/webapp/admin/assets/img/shoe2.png', 11);
insert into product (product_id, product_name, description, unit_price, category_id, image, brand_id) values (5, 'SkyXplorer Air One TAG Edition', 'The tagged SkyXplorer Air One !', 54.99, 2, '/webapp/admin/assets/img/shoe1.png', 11);
insert into product (product_id, product_name, description, unit_price, category_id, image, brand_id) values (6, 'SkyXplorer Air One PREMIUM Edition', 'These have gold on them!', 249.99, 2, '/webapp/admin/assets/img/shoe3.png', 11);
insert into product (product_id, product_name, description, unit_price, category_id, image, brand_id) values (7, 'SkyXplorer Air One NEON Edition', 'These emit light in the dark! Mind blowing!', 49.99, 2, '/webapp/admin/assets/img/shoe4.png', 11);
insert into product (product_id, product_name, description, unit_price, category_id, image, brand_id) values (8, 'Super Regular Shoes', 'Nothing to say about them.', 29.99, 2, '/webapp/admin/assets/img/anotherShoe.jpg', 11);

#Clothes
insert into product (product_id, product_name, description, unit_price, category_id, image, brand_id) values (9, 'Short Sleeves Coat with Silver Trim', 'If you can afford it, you can buy it.', 24999.99, 3, '/webapp/admin/assets/img/wealthyCoat.png', 4);
insert into product (product_id, product_name, description, unit_price, category_id, image, brand_id) values (10, 'Blue Suit', 'Yeah. This one is for you gentlemen.', 2999.99, 3, '/webapp/admin/assets/img/shop_07.jpg', 1);
insert into product (product_id, product_name, description, unit_price, category_id, image, brand_id) values (11, 'Black Suit', 'Yeah. This one also is for you gentlemen.', 2999.99, 3, '/webapp/admin/assets/img/shop_05.jpg', 4);
insert into product (product_id, product_name, description, unit_price, category_id, image, brand_id) values (12, 'Blue Leather Bag', 'Not sure this belongs here.', 2999.99, 3, '/webapp/admin/assets/img/bag1.png', 4);

#Accessories
insert into product (product_id, product_name, description, unit_price, category_id, image, brand_id) values (13, 'Rounded Sunglasses', 'Be careful. It can get quite foggy.', 24999.99, 4, '/webapp/admin/assets/img/shop_01.jpg', 3);
insert into product (product_id, product_name, description, unit_price, category_id, image, brand_id) values (14, 'Black with Grey Pattern', 'Around your head, it goes.', 99.99, 4, '/webapp/admin/assets/img/headband.png', 3);
insert into product (product_id, product_name, description, unit_price, category_id, image, brand_id) values (15, 'White Wristband', 'Around your arm. Didn\' see that coming did ya ?', 2.99, 4, '/webapp/admin/assets/img/wristband.png', 3);

#Users
# insert into users (user_id, created, email, enabled, password, profile_picture, provider, username) values (1, '2022-03-29 18:56:11', 'fyarrow0@so-net.ne.jp', true, '1lQht01WHv', '/webapp/admin/assets/img/default_profile_picture.png', 'LOCAL', 'omcgeachey0');
# insert into users (user_id, created, email, enabled, password, profile_picture, provider, username) values (2, '2022-04-22 13:26:48', 'nadshede1@unicef.org', true, '3EYJPz', '/webapp/admin/assets/img/default_profile_picture.png', 'LOCAL', 'jtourne1');
insert into users (user_id, created, email, enabled, password, profile_picture, provider, username) values (3, '2022-01-25 04:46:30', 'fblundan2@go.com', true, 'b0MbQRs', '/webapp/admin/assets/img/default_profile_picture.png', 'LOCAL', 'jpinnell2');
insert into users (user_id, created, email, enabled, password, profile_picture, provider, username) values (4, '2022-05-31 09:43:16', 'hdoylend3@blogtalkradio.com', true, 'huJJcIi', '/webapp/admin/assets/img/default_profile_picture.png', 'LOCAL', 'gmacgilrewy3');
insert into users (user_id, created, email, enabled, password, profile_picture, provider, username) values (5, '2022-02-25 05:25:49', 'emote4@army.mil', true, 'KizMMD69', '/webapp/admin/assets/img/default_profile_picture.png', 'LOCAL', 'mferenc4');
insert into users (user_id, created, email, enabled, password, profile_picture, provider, username) values (6, '2022-04-15 16:03:03', 'hcrompton5@spotify.com', true, 'zxUhzd8a8PF4', '/webapp/admin/assets/img/default_profile_picture.png', 'LOCAL', 'kgillett5');
insert into users (user_id, created, email, enabled, password, profile_picture, provider, username) values (7, '2022-06-19 22:23:33', 'kfosse6@prnewswire.com', true, 'OIwYhhf', '/webapp/admin/assets/img/default_profile_picture.png', 'LOCAL', 'gskellern6');
insert into users (user_id, created, email, enabled, password, profile_picture, provider, username) values (8, '2021-12-27 10:18:18', 'aboulder7@alibaba.com', true, '9pDOO0Jq', '/webapp/admin/assets/img/default_profile_picture.png', 'LOCAL', 'earboin7');
insert into users (user_id, created, email, enabled, password, profile_picture, provider, username) values (9, '2021-11-21 04:09:10', 'kconachy8@vk.com', true, 'PorVNCIGyajl', '/webapp/admin/assets/img/default_profile_picture.png', 'LOCAL', 'abiddleston8');
insert into users (user_id, created, email, enabled, password, profile_picture, provider, username) values (10, '2021-11-27 16:00:54', 'pdavidou9@miitbeian.gov.cn', true, 'm4jvcwOlac', '/webapp/admin/assets/img/default_profile_picture.png', 'LOCAL', 'jstefanovic9');
insert into users (user_id, created, email, enabled, password, profile_picture, provider, username) values (11, '2021-12-23 05:24:42', 'emundowa@samsung.com', true, 'yd8Lt3ZY', '/webapp/admin/assets/img/default_profile_picture.png', 'LOCAL', 'hlathana');
insert into users (user_id, created, email, enabled, password, profile_picture, provider, username) values (12, '2022-05-24 16:15:32', 'dbembrickb@netscape.com', true, 'ArFALp1r9L', '/webapp/admin/assets/img/default_profile_picture.png', 'LOCAL', 'ialpsb');
insert into users (user_id, created, email, enabled, password, profile_picture, provider, username) values (13, '2021-12-27 19:45:04', 'cgyorffyc@vistaprint.com', true, '02aHT2', '/webapp/admin/assets/img/default_profile_picture.png', 'LOCAL', 'cspybeyc');
insert into users (user_id, created, email, enabled, password, profile_picture, provider, username) values (14, '2022-10-14 03:35:07', 'vhackettd@state.tx.us', true, '7R7aD6RbmYj', '/webapp/admin/assets/img/default_profile_picture.png', 'LOCAL', 'ebickardiked');
insert into users (user_id, created, email, enabled, password, profile_picture, provider, username) values (15, '2022-02-06 08:15:19', 'sadderleye@dion.ne.jp', true, 'CjMC0bb', '/webapp/admin/assets/img/default_profile_picture.png', 'LOCAL', 'monthanke');
insert into users (user_id, created, email, enabled, password, profile_picture, provider, username) values (16, '2022-02-22 00:32:20', 'lwealf@technorati.com', true, 'jm567GP5kIL', '/webapp/admin/assets/img/default_profile_picture.png', 'LOCAL', 'tfearnleyf');
insert into users (user_id, created, email, enabled, password, profile_picture, provider, username) values (17, '2022-01-28 07:00:46', 'mbraxayg@bizjournals.com', true, '15X9EgBfnT', '/webapp/admin/assets/img/default_profile_picture.png', 'LOCAL', 'achekeg');
insert into users (user_id, created, email, enabled, password, profile_picture, provider, username) values (18, '2021-12-13 02:24:01', 'garnoh@e-recht24.de', true, 'StzbnsZue', '/webapp/admin/assets/img/default_profile_picture.png', 'LOCAL', 'jknappeh');
insert into users (user_id, created, email, enabled, password, profile_picture, provider, username) values (19, '2022-08-06 02:04:13', 'cferrillioi@domainmarket.com', true, '54Gpqry', '/webapp/admin/assets/img/default_profile_picture.png', 'LOCAL', 'ebonafacinoi');
insert into users (user_id, created, email, enabled, password, profile_picture, provider, username) values (20, '2021-12-28 21:32:33', 'dcufflinj@livejournal.com', true, '4bNx4O', '/webapp/admin/assets/img/default_profile_picture.png', 'LOCAL', 'civchenkoj');
insert into users (user_id, created, email, enabled, password, profile_picture, provider, username) values (21, '2022-06-16 15:09:37', 'dkiezlerk@nytimes.com', true, 'jiSDyTtt5o7U', '/webapp/admin/assets/img/default_profile_picture.png', 'LOCAL', 'rshureyk');
insert into users (user_id, created, email, enabled, password, profile_picture, provider, username) values (22, '2021-12-05 13:26:15', 'lflaonierl@yellowpages.com', true, 'UWKek9H0', '/webapp/admin/assets/img/default_profile_picture.png', 'LOCAL', 'wfumagallil');
insert into users (user_id, created, email, enabled, password, profile_picture, provider, username) values (23, '2022-09-19 00:52:52', 'dohengertym@biglobe.ne.jp', true, 'eyMmR9X2uDco', '/webapp/admin/assets/img/default_profile_picture.png', 'LOCAL', 'bcharlesworthm');
insert into users (user_id, created, email, enabled, password, profile_picture, provider, username) values (24, '2022-07-09 01:00:09', 'ahurnn@microsoft.com', true, 'nUd1o8', '/webapp/admin/assets/img/default_profile_picture.png', 'LOCAL', 'mchauncen');
insert into users (user_id, created, email, enabled, password, profile_picture, provider, username) values (25, '2022-03-23 01:30:46', 'gsumblero@stumbleupon.com', true, 'mWROBtZ', '/webapp/admin/assets/img/default_profile_picture.png', 'LOCAL', 'dummfreyo');
insert into users (user_id, created, email, enabled, password, profile_picture, provider, username) values (26, '2022-04-12 08:55:44', 'plattkap@ucoz.com', true, 'frP4ri1HprIx', '/webapp/admin/assets/img/default_profile_picture.png', 'LOCAL', 'akitchersidep');
insert into users (user_id, created, email, enabled, password, profile_picture, provider, username) values (27, '2022-10-10 07:29:15', 'kgoadq@edublogs.org', true, 'Se70L1kS1zHn', '/webapp/admin/assets/img/default_profile_picture.png', 'LOCAL', 'dfrowingq');
insert into users (user_id, created, email, enabled, password, profile_picture, provider, username) values (28, '2022-09-25 14:24:50', 'qhuorticr@nbcnews.com', true, 'NuSpQtz24', '/webapp/admin/assets/img/default_profile_picture.png', 'LOCAL', 'dmooreedr');
insert into users (user_id, created, email, enabled, password, profile_picture, provider, username) values (29, '2022-10-11 14:09:38', 'hkernoghans@mozilla.org', true, 'v8ndUS', '/webapp/admin/assets/img/default_profile_picture.png', 'LOCAL', 'mglynns');
insert into users (user_id, created, email, enabled, password, profile_picture, provider, username) values (30, '2022-09-06 06:23:26', 'hcloughert@deviantart.com', true, '9KRbxE9', '/webapp/admin/assets/img/default_profile_picture.png', 'LOCAL', 'saldermant');
insert into users (user_id, created, email, enabled, password, profile_picture, provider, username) values (31, '2022-03-09 06:25:54', 'msturchu@nps.gov', true, 'mV04q93Di', '/webapp/admin/assets/img/default_profile_picture.png', 'LOCAL', 'mscuffhamu');
insert into users (user_id, created, email, enabled, password, profile_picture, provider, username) values (32, '2022-11-04 23:22:14', 'cseymourv@geocities.com', true, 'qvQdxUMQ2', '/webapp/admin/assets/img/default_profile_picture.png', 'LOCAL', 'mvoadenv');
insert into users (user_id, created, email, enabled, password, profile_picture, provider, username) values (33, '2021-12-22 02:04:35', 'lsteelyw@usa.gov', true, 'lZiwasS', '/webapp/admin/assets/img/default_profile_picture.png', 'LOCAL', 'bpischelw');
insert into users (user_id, created, email, enabled, password, profile_picture, provider, username) values (34, '2022-03-07 16:54:15', 'cniessenx@blogtalkradio.com', true, 'cIrDRfVkcaq0', '/webapp/admin/assets/img/default_profile_picture.png', 'LOCAL', 'bralstonx');
insert into users (user_id, created, email, enabled, password, profile_picture, provider, username) values (35, '2022-08-15 12:04:03', 'mgittoesy@wordpress.org', true, 'PKHhGa', '/webapp/admin/assets/img/default_profile_picture.png', 'LOCAL', 'nslessary');
insert into users (user_id, created, email, enabled, password, profile_picture, provider, username) values (36, '2022-09-02 04:22:47', 'cchinnockz@i2i.jp', true, '1eY8gp', '/webapp/admin/assets/img/default_profile_picture.png', 'LOCAL', 'akeelerz');
insert into users (user_id, created, email, enabled, password, profile_picture, provider, username) values (37, '2022-01-17 00:27:38', 'ameadowcroft10@google.com', true, 'pKkT9duefXU', '/webapp/admin/assets/img/default_profile_picture.png', 'LOCAL', 'aandrioni10');
insert into users (user_id, created, email, enabled, password, profile_picture, provider, username) values (38, '2022-07-22 23:29:33', 'bgosnay11@ft.com', true, 'X52bDIhibb9l', '/webapp/admin/assets/img/default_profile_picture.png', 'LOCAL', 'mcosham11');
insert into users (user_id, created, email, enabled, password, profile_picture, provider, username) values (39, '2022-03-11 14:30:02', 'cmartt12@google.fr', true, 'K5y9jva6yzyn', '/webapp/admin/assets/img/default_profile_picture.png', 'LOCAL', 'grandleson12');
insert into users (user_id, created, email, enabled, password, profile_picture, provider, username) values (40, '2022-06-19 09:25:40', 'alie13@ucsd.edu', true, 'aZHkVvtuKMt', '/webapp/admin/assets/img/default_profile_picture.png', 'LOCAL', 'nmarkos13');
insert into users (user_id, created, email, enabled, password, profile_picture, provider, username) values (41, '2022-03-25 20:50:41', 'cgrundon14@themeforest.net', true, 'zBOXWVSA', '/webapp/admin/assets/img/default_profile_picture.png', 'LOCAL', 'nbiffin14');
insert into users (user_id, created, email, enabled, password, profile_picture, provider, username) values (42, '2022-01-09 08:04:50', 'sfateley15@unc.edu', true, '8er9VUY', '/webapp/admin/assets/img/default_profile_picture.png', 'LOCAL', 'cblackeby15');
insert into users (user_id, created, email, enabled, password, profile_picture, provider, username) values (43, '2022-02-03 01:31:31', 'wmcgillivrie16@t.co', true, 'YYxiPxV', '/webapp/admin/assets/img/default_profile_picture.png', 'LOCAL', 'mfettis16');
insert into users (user_id, created, email, enabled, password, profile_picture, provider, username) values (44, '2022-07-13 20:41:40', 'mmoat17@youtube.com', true, 'QHySrkmac', '/webapp/admin/assets/img/default_profile_picture.png', 'LOCAL', 'gshoebotham17');
insert into users (user_id, created, email, enabled, password, profile_picture, provider, username) values (45, '2022-10-12 18:55:32', 'bwycliff18@yahoo.co.jp', true, 'dmtRCndNp', '/webapp/admin/assets/img/default_profile_picture.png', 'LOCAL', 'nnelthropp18');
insert into users (user_id, created, email, enabled, password, profile_picture, provider, username) values (46, '2022-07-25 17:20:31', 'jyouens19@vkontakte.ru', true, 'bxSlge', '/webapp/admin/assets/img/default_profile_picture.png', 'LOCAL', 'tsmorthwaite19');
insert into users (user_id, created, email, enabled, password, profile_picture, provider, username) values (47, '2022-06-03 18:57:51', 'lmcquorkell1a@fema.gov', true, 'NiXu7xvlswhD', '/webapp/admin/assets/img/default_profile_picture.png', 'LOCAL', 'erye1a');
insert into users (user_id, created, email, enabled, password, profile_picture, provider, username) values (48, '2021-12-28 02:56:56', 'gpentycost1b@yandex.ru', true, 'QveyGX3', '/webapp/admin/assets/img/default_profile_picture.png', 'LOCAL', 'wrobez1b');
insert into users (user_id, created, email, enabled, password, profile_picture, provider, username) values (49, '2022-05-16 23:52:26', 'ytennet1c@soundcloud.com', true, 'sbzmxyzwv', '/webapp/admin/assets/img/default_profile_picture.png', 'LOCAL', 'agadsby1c');
insert into users (user_id, created, email, enabled, password, profile_picture, provider, username) values (50, '2022-04-06 07:39:34', 'bellery1d@e-recht24.de', true, 'vdxDT7MzyYJ8', '/webapp/admin/assets/img/default_profile_picture.png', 'LOCAL', 'achurchouse1d');


#Reviews
insert into review (id, description, rate, title, product_id, user_id) values (1, 'Fusce consequat. Nulla nisl. Nunc nisl.', 1, 'condimentum', 6, 41);
insert into review (id, description, rate, title, product_id, user_id) values (2, 'Cras in purus eu magna vulputate luctus.', 3, 'elit proin', 10, 42);
insert into review (id, description, rate, title, product_id, user_id) values (3, 'Praesent id massa id nisl venenatis lacinia. Aenean sit amet justo.', 1, 'mauris', 10, 13);
insert into review (id, description, rate, title, product_id, user_id) values (4, 'Suspendisse potenti. Cras in purus eu magna vulputate luctus. Cum sociis natoque penatibus et magnis dis parturient montes, nascetur ridiculus mus.', 2, 'aliquet', 10, 40);
insert into review (id, description, rate, title, product_id, user_id) values (5, 'Integer aliquet, massa id lobortis convallis, tortor risus dapibus augue, vel accumsan tellus nisi eu orci.', 2, 'blandit nam nulla', 14, 36);
insert into review (id, description, rate, title, product_id, user_id) values (6, 'Curabitur at ipsum ac tellus semper interdum.', 5, 'interdum eu tincidunt', 5, 32);
insert into review (id, description, rate, title, product_id, user_id) values (7, 'Pellentesque ultrices mattis odio. Donec vitae nisi.', 2, 'dui proin', 3, 50);
insert into review (id, description, rate, title, product_id, user_id) values (8, 'Sed accumsan felis. Ut at dolor quis odio consequat varius.', 3, 'pede', 9, 43);
insert into review (id, description, rate, title, product_id, user_id) values (9, 'Morbi a ipsum. Integer a nibh.', 5, 'aliquam', 5, 6);
insert into review (id, description, rate, title, product_id, user_id) values (10, 'Maecenas leo odio, condimentum id, luctus nec, molestie sed, justo. Pellentesque viverra pede ac diam. Cras pellentesque volutpat dui.', 4, 'elementum in', 4, 16);
insert into review (id, description, rate, title, product_id, user_id) values (11, 'Nunc nisl.', 2, 'condimentum id', 7, 45);
insert into review (id, description, rate, title, product_id, user_id) values (12, 'Nulla tellus. In sagittis dui vel nisl.', 1, 'fusce posuere', 8, 35);
insert into review (id, description, rate, title, product_id, user_id) values (13, 'Cras pellentesque volutpat dui.', 1, 'vitae', 14, 41);
insert into review (id, description, rate, title, product_id, user_id) values (14, 'Nam congue, risus semper porta volutpat, quam pede lobortis ligula, sit amet eleifend pede libero quis orci.', 1, 'quam', 1, 31);
insert into review (id, description, rate, title, product_id, user_id) values (15, 'Morbi non lectus. Aliquam sit amet diam in magna bibendum imperdiet. Nullam orci pede, venenatis non, sodales sed, tincidunt eu, felis.', 1, 'montes nascetur ridiculus', 10, 14);
insert into review (id, description, rate, title, product_id, user_id) values (16, 'Praesent blandit lacinia erat. Vestibulum sed magna at nunc commodo placerat.', 4, 'nisi eu', 1, 38);
insert into review (id, description, rate, title, product_id, user_id) values (17, 'Proin interdum mauris non ligula pellentesque ultrices. Phasellus id sapien in sapien iaculis congue.', 4, 'eget rutrum', 3, 24);
insert into review (id, description, rate, title, product_id, user_id) values (18, 'Nunc purus.', 4, 'lorem id', 12, 35);
insert into review (id, description, rate, title, product_id, user_id) values (19, 'Donec posuere metus vitae ipsum.', 3, 'est lacinia', 2, 2);
insert into review (id, description, rate, title, product_id, user_id) values (20, 'Cras mi pede, malesuada in, imperdiet et, commodo vulputate, justo. In blandit ultrices enim. Lorem ipsum dolor sit amet, consectetuer adipiscing elit.', 5, 'eget', 9, 14);
insert into review (id, description, rate, title, product_id, user_id) values (21, 'Morbi odio odio, elementum eu, interdum eu, tincidunt in, leo.', 3, 'tortor duis mattis', 15, 9);
insert into review (id, description, rate, title, product_id, user_id) values (22, 'Vivamus metus arcu, adipiscing molestie, hendrerit at, vulputate vitae, nisl.', 5, 'arcu sed', 8, 15);
insert into review (id, description, rate, title, product_id, user_id) values (23, 'Vestibulum rutrum rutrum neque.', 2, 'nonummy integer non', 12, 40);
insert into review (id, description, rate, title, product_id, user_id) values (24, 'In blandit ultrices enim. Lorem ipsum dolor sit amet, consectetuer adipiscing elit.', 1, 'nullam', 11, 41);
insert into review (id, description, rate, title, product_id, user_id) values (25, 'Nam dui. Proin leo odio, porttitor id, consequat in, consequat ut, nulla. Sed accumsan felis.', 4, 'parturient montes', 4, 31);
insert into review (id, description, rate, title, product_id, user_id) values (26, 'Fusce posuere felis sed lacus. Morbi sem mauris, laoreet ut, rhoncus aliquet, pulvinar sed, nisl. Nunc rhoncus dui vel sem.', 1, 'pellentesque eget', 10, 43);
insert into review (id, description, rate, title, product_id, user_id) values (27, 'Etiam faucibus cursus urna.', 3, 'in quis', 14, 44);
insert into review (id, description, rate, title, product_id, user_id) values (28, 'Duis consequat dui nec nisi volutpat eleifend. Donec ut dolor.', 3, 'mauris', 11, 29);
insert into review (id, description, rate, title, product_id, user_id) values (29, 'Duis bibendum, felis sed interdum venenatis, turpis enim blandit mi, in porttitor pede justo eu massa. Donec dapibus.', 1, 'platea', 13, 20);
insert into review (id, description, rate, title, product_id, user_id) values (30, 'Nullam varius.', 4, 'est', 11, 22);
insert into review (id, description, rate, title, product_id, user_id) values (31, 'Ut tellus.', 5, 'nisl aenean lectus', 13, 22);
insert into review (id, description, rate, title, product_id, user_id) values (32, 'Praesent id massa id nisl venenatis lacinia. Aenean sit amet justo.', 4, 'quam', 14, 15);
insert into review (id, description, rate, title, product_id, user_id) values (33, 'Nam ultrices, libero non mattis pulvinar, nulla pede ullamcorper augue, a suscipit nulla elit ac nulla. Sed vel enim sit amet nunc viverra dapibus. Nulla suscipit ligula in lacus.', 1, 'tristique est et', 1, 39);
insert into review (id, description, rate, title, product_id, user_id) values (34, 'Integer a nibh. In quis justo. Maecenas rhoncus aliquam lacus.', 3, 'arcu libero rutrum', 13, 38);
insert into review (id, description, rate, title, product_id, user_id) values (35, 'Vivamus tortor.', 2, 'massa id', 4, 2);
insert into review (id, description, rate, title, product_id, user_id) values (36, 'Cras non velit nec nisi vulputate nonummy.', 1, 'nec', 11, 13);
insert into review (id, description, rate, title, product_id, user_id) values (37, 'Nunc nisl.', 2, 'iaculis diam erat', 1, 29);
insert into review (id, description, rate, title, product_id, user_id) values (38, 'Aliquam non mauris. Morbi non lectus. Aliquam sit amet diam in magna bibendum imperdiet.', 2, 'platea dictumst etiam', 6, 14);
insert into review (id, description, rate, title, product_id, user_id) values (39, 'Suspendisse potenti. In eleifend quam a odio. In hac habitasse platea dictumst.', 2, 'volutpat', 13, 10);
insert into review (id, description, rate, title, product_id, user_id) values (40, 'Proin risus.', 3, 'leo odio condimentum', 2, 45);
insert into review (id, description, rate, title, product_id, user_id) values (41, 'Maecenas tincidunt lacus at velit.', 3, 'vitae mattis', 9, 41);
insert into review (id, description, rate, title, product_id, user_id) values (42, 'Donec dapibus. Duis at velit eu est congue elementum. In hac habitasse platea dictumst.', 3, 'dui nec nisi', 3, 5);
insert into review (id, description, rate, title, product_id, user_id) values (43, 'Etiam pretium iaculis justo.', 4, 'molestie hendrerit at', 4, 33);
insert into review (id, description, rate, title, product_id, user_id) values (44, 'Proin risus. Praesent lectus.', 4, 'lectus pellentesque eget', 1, 31);
insert into review (id, description, rate, title, product_id, user_id) values (45, 'Nulla justo.', 3, 'orci nullam molestie', 14, 25);
insert into review (id, description, rate, title, product_id, user_id) values (46, 'Praesent lectus. Vestibulum quam sapien, varius ut, blandit non, interdum in, ante. Vestibulum ante ipsum primis in faucibus orci luctus et ultrices posuere cubilia Curae; Duis faucibus accumsan odio.', 2, 'nullam porttitor', 15, 25);
insert into review (id, description, rate, title, product_id, user_id) values (47, 'Maecenas rhoncus aliquam lacus.', 1, 'in', 3, 48);
insert into review (id, description, rate, title, product_id, user_id) values (48, 'Duis aliquam convallis nunc. Proin at turpis a pede posuere nonummy. Integer non velit.', 5, 'eros', 12, 30);
insert into review (id, description, rate, title, product_id, user_id) values (49, 'Praesent id massa id nisl venenatis lacinia. Aenean sit amet justo.', 2, 'nisi', 13, 36);
insert into review (id, description, rate, title, product_id, user_id) values (50, 'Etiam vel augue. Vestibulum rutrum rutrum neque. Aenean auctor gravida sem.', 3, 'adipiscing lorem', 2, 18);
insert into review (id, description, rate, title, product_id, user_id) values (51, 'Proin leo odio, porttitor id, consequat in, consequat ut, nulla.', 3, 'primis in', 7, 31);
insert into review (id, description, rate, title, product_id, user_id) values (52, 'Proin eu mi. Nulla ac enim.', 5, 'congue risus', 8, 44);
insert into review (id, description, rate, title, product_id, user_id) values (53, 'Suspendisse potenti. Cras in purus eu magna vulputate luctus.', 5, 'libero convallis eget', 1, 40);
insert into review (id, description, rate, title, product_id, user_id) values (54, 'Morbi porttitor lorem id ligula. Suspendisse ornare consequat lectus. In est risus, auctor sed, tristique in, tempus sit amet, sem.', 4, 'suscipit nulla elit', 12, 39);
insert into review (id, description, rate, title, product_id, user_id) values (55, 'Aenean sit amet justo. Morbi ut odio.', 1, 'ligula sit amet', 4, 41);
insert into review (id, description, rate, title, product_id, user_id) values (56, 'Vestibulum ante ipsum primis in faucibus orci luctus et ultrices posuere cubilia Curae; Duis faucibus accumsan odio.', 4, 'viverra pede', 1, 46);
insert into review (id, description, rate, title, product_id, user_id) values (57, 'Sed accumsan felis. Ut at dolor quis odio consequat varius.', 2, 'risus semper', 15, 31);
insert into review (id, description, rate, title, product_id, user_id) values (58, 'Vestibulum quam sapien, varius ut, blandit non, interdum in, ante.', 1, 'volutpat in', 6, 28);
insert into review (id, description, rate, title, product_id, user_id) values (59, 'Aenean sit amet justo. Morbi ut odio.', 5, 'natoque', 12, 39);
insert into review (id, description, rate, title, product_id, user_id) values (60, 'Duis ac nibh. Fusce lacus purus, aliquet at, feugiat non, pretium quis, lectus. Suspendisse potenti.', 5, 'ligula pellentesque ultrices', 15, 35);
insert into review (id, description, rate, title, product_id, user_id) values (61, 'Vestibulum ante ipsum primis in faucibus orci luctus et ultrices posuere cubilia Curae; Duis faucibus accumsan odio.', 2, 'ut suscipit a', 13, 21);
insert into review (id, description, rate, title, product_id, user_id) values (62, 'Vestibulum ante ipsum primis in faucibus orci luctus et ultrices posuere cubilia Curae; Duis faucibus accumsan odio.', 2, 'in faucibus orci', 3, 47);
insert into review (id, description, rate, title, product_id, user_id) values (63, 'Duis at velit eu est congue elementum. In hac habitasse platea dictumst.', 1, 'libero ut', 8, 5);
insert into review (id, description, rate, title, product_id, user_id) values (64, 'Nullam orci pede, venenatis non, sodales sed, tincidunt eu, felis. Fusce posuere felis sed lacus.', 4, 'cubilia curae donec', 14, 26);
insert into review (id, description, rate, title, product_id, user_id) values (65, 'Morbi porttitor lorem id ligula. Suspendisse ornare consequat lectus.', 5, 'sodales', 6, 15);
insert into review (id, description, rate, title, product_id, user_id) values (66, 'Curabitur at ipsum ac tellus semper interdum. Mauris ullamcorper purus sit amet nulla. Quisque arcu libero, rutrum ac, lobortis vel, dapibus at, diam.', 5, 'duis faucibus accumsan', 1, 1);
insert into review (id, description, rate, title, product_id, user_id) values (67, 'In sagittis dui vel nisl. Duis ac nibh.', 4, 'erat quisque', 12, 49);
insert into review (id, description, rate, title, product_id, user_id) values (68, 'Integer non velit. Donec diam neque, vestibulum eget, vulputate ut, ultrices vel, augue.', 1, 'gravida', 13, 43);
insert into review (id, description, rate, title, product_id, user_id) values (69, 'Integer aliquet, massa id lobortis convallis, tortor risus dapibus augue, vel accumsan tellus nisi eu orci. Mauris lacinia sapien quis libero.', 2, 'libero', 2, 17);
insert into review (id, description, rate, title, product_id, user_id) values (70, 'Nulla mollis molestie lorem. Quisque ut erat. Curabitur gravida nisi at nibh.', 4, 'libero convallis eget', 12, 48);
insert into review (id, description, rate, title, product_id, user_id) values (71, 'Pellentesque eget nunc. Donec quis orci eget orci vehicula condimentum.', 2, 'sapien', 11, 23);
insert into review (id, description, rate, title, product_id, user_id) values (72, 'Donec odio justo, sollicitudin ut, suscipit a, feugiat et, eros. Vestibulum ac est lacinia nisi venenatis tristique.', 4, 'dapibus dolor', 1, 30);
insert into review (id, description, rate, title, product_id, user_id) values (73, 'Nulla tellus. In sagittis dui vel nisl. Duis ac nibh.', 2, 'risus praesent lectus', 13, 31);
insert into review (id, description, rate, title, product_id, user_id) values (74, 'Vestibulum ac est lacinia nisi venenatis tristique. Fusce congue, diam id ornare imperdiet, sapien urna pretium nisl, ut volutpat sapien arcu sed augue. Aliquam erat volutpat.', 2, 'consectetuer adipiscing', 14, 28);
insert into review (id, description, rate, title, product_id, user_id) values (75, 'Nulla suscipit ligula in lacus. Curabitur at ipsum ac tellus semper interdum. Mauris ullamcorper purus sit amet nulla.', 2, 'sapien placerat ante', 4, 3);
insert into review (id, description, rate, title, product_id, user_id) values (76, 'Cras non velit nec nisi vulputate nonummy.', 2, 'pellentesque ultrices phasellus', 1, 47);
insert into review (id, description, rate, title, product_id, user_id) values (77, 'Pellentesque ultrices mattis odio. Donec vitae nisi.', 4, 'a pede', 14, 36);
insert into review (id, description, rate, title, product_id, user_id) values (78, 'Praesent blandit.', 2, 'varius ut', 11, 47);
insert into review (id, description, rate, title, product_id, user_id) values (79, 'Morbi a ipsum.', 1, 'rutrum', 6, 13);
insert into review (id, description, rate, title, product_id, user_id) values (80, 'Nullam porttitor lacus at turpis. Donec posuere metus vitae ipsum.', 1, 'libero', 12, 6);
insert into review (id, description, rate, title, product_id, user_id) values (81, 'Duis ac nibh. Fusce lacus purus, aliquet at, feugiat non, pretium quis, lectus. Suspendisse potenti.', 5, 'ante vivamus tortor', 12, 39);
insert into review (id, description, rate, title, product_id, user_id) values (82, 'Quisque ut erat. Curabitur gravida nisi at nibh.', 1, 'in felis', 13, 49);
insert into review (id, description, rate, title, product_id, user_id) values (83, 'Morbi ut odio.', 2, 'varius', 7, 45);
insert into review (id, description, rate, title, product_id, user_id) values (84, 'Etiam faucibus cursus urna. Ut tellus. Nulla ut erat id mauris vulputate elementum.', 2, 'eleifend luctus', 6, 24);
insert into review (id, description, rate, title, product_id, user_id) values (85, 'Lorem ipsum dolor sit amet, consectetuer adipiscing elit.', 4, 'massa', 7, 36);
insert into review (id, description, rate, title, product_id, user_id) values (86, 'Curabitur in libero ut massa volutpat convallis. Morbi odio odio, elementum eu, interdum eu, tincidunt in, leo. Maecenas pulvinar lobortis est.', 3, 'et tempus semper', 2, 49);
insert into review (id, description, rate, title, product_id, user_id) values (87, 'Donec vitae nisi. Nam ultrices, libero non mattis pulvinar, nulla pede ullamcorper augue, a suscipit nulla elit ac nulla.', 3, 'in ante', 8, 1);
insert into review (id, description, rate, title, product_id, user_id) values (88, 'Donec ut mauris eget massa tempor convallis. Nulla neque libero, convallis eget, eleifend luctus, ultricies eu, nibh. Quisque id justo sit amet sapien dignissim vestibulum.', 4, 'commodo vulputate justo', 10, 44);
insert into review (id, description, rate, title, product_id, user_id) values (89, 'Aliquam sit amet diam in magna bibendum imperdiet. Nullam orci pede, venenatis non, sodales sed, tincidunt eu, felis. Fusce posuere felis sed lacus.', 4, 'tortor quis', 14, 3);
insert into review (id, description, rate, title, product_id, user_id) values (90, 'Nulla suscipit ligula in lacus.', 4, 'interdum in ante', 4, 16);
insert into review (id, description, rate, title, product_id, user_id) values (91, 'Aenean lectus. Pellentesque eget nunc.', 1, 'pulvinar', 7, 4);
insert into review (id, description, rate, title, product_id, user_id) values (92, 'Suspendisse ornare consequat lectus. In est risus, auctor sed, tristique in, tempus sit amet, sem.', 5, 'suspendisse ornare consequat', 4, 50);
insert into review (id, description, rate, title, product_id, user_id) values (93, 'Nullam sit amet turpis elementum ligula vehicula consequat. Morbi a ipsum. Integer a nibh.', 4, 'dolor', 5, 4);
insert into review (id, description, rate, title, product_id, user_id) values (94, 'Pellentesque ultrices mattis odio. Donec vitae nisi.', 1, 'est', 1, 9);
insert into review (id, description, rate, title, product_id, user_id) values (95, 'Vestibulum ac est lacinia nisi venenatis tristique. Fusce congue, diam id ornare imperdiet, sapien urna pretium nisl, ut volutpat sapien arcu sed augue. Aliquam erat volutpat.', 3, 'est quam pharetra', 3, 1);
insert into review (id, description, rate, title, product_id, user_id) values (96, 'Nunc rhoncus dui vel sem.', 5, 'ultrices phasellus id', 9, 21);
insert into review (id, description, rate, title, product_id, user_id) values (97, 'Aenean lectus. Pellentesque eget nunc.', 2, 'tortor', 5, 7);
insert into review (id, description, rate, title, product_id, user_id) values (98, 'Sed vel enim sit amet nunc viverra dapibus. Nulla suscipit ligula in lacus.', 5, 'venenatis tristique', 9, 6);
insert into review (id, description, rate, title, product_id, user_id) values (99, 'Morbi ut odio.', 1, 'volutpat sapien arcu', 11, 23);
insert into review (id, description, rate, title, product_id, user_id) values (100, 'Praesent blandit lacinia erat. Vestibulum sed magna at nunc commodo placerat.', 3, 'mauris sit amet', 4, 4);



insert into stock_provider (id, email, location, name, telephone) values (2, 'clurriman0@google.co.jp', '83 Sloan Circle', 'wfaint0@1und1.de', '899-643-8973');
insert into stock_provider (id, email, location, name, telephone) values (3, 'bdegoey1@ning.com', '470 Corscot Road', 'vbettenay1@blogs.com', '898-150-1994');
insert into stock_provider (id, email, location, name, telephone) values (4, 'kchalmers2@quantcast.com', '54537 Monterey Alley', 'emaxsted2@digg.com', '716-658-8300');
insert into stock_provider (id, email, location, name, telephone) values (5, 'sstote3@gravatar.com', '6 Bobwhite Pass', 'bbrickstock3@tmall.com', '589-439-4409');
insert into stock_provider (id, email, location, name, telephone) values (6, 'lbrychan4@auda.org.au', '601 Division Lane', 'hdelatremoille4@google.it', '694-324-3851');
insert into stock_provider (id, email, location, name, telephone) values (7, 'vormrod5@latimes.com', '918 Elgar Alley', 'lwaplington5@ycombinator.com', '330-229-8006');
insert into stock_provider (id, email, location, name, telephone) values (8, 'cpriver6@webs.com', '2001 Cascade Park', 'dferon6@spiegel.de', '651-931-1848');
insert into stock_provider (id, email, location, name, telephone) values (9, 'yeyrl7@google.co.uk', '345 Aberg Avenue', 'bfer7@e-recht24.de', '369-445-2843');
insert into stock_provider (id, email, location, name, telephone) values (10, 'ibradburn8@columbia.edu', '9 Di Loreto Plaza', 'mtrimnell8@ning.com', '675-315-2162');
insert into stock_provider (id, email, location, name, telephone) values (11, 'cgreensitt9@foxnews.com', '86274 Crest Line Street', 'vpethick9@newsvine.com', '340-972-2956');

#Inventory
insert into stock (stock_id, quantity, shipment_date, product_id, provider_id) values (1, 7, '2021-09-30 07:14:20', 1, 2);
insert into stock (stock_id, quantity, shipment_date, product_id, provider_id) values (2, 3, '2022-08-26 07:28:03', 2, 3);
insert into stock (stock_id, quantity, shipment_date, product_id, provider_id) values (3, 15, '2022-05-17 15:49:23', 3, 4);
insert into stock (stock_id, quantity, shipment_date, product_id, provider_id) values (4, 14, '2022-07-06 17:33:07', 4, 5);
insert into stock (stock_id, quantity, shipment_date, product_id, provider_id) values (5, 2, '2022-04-15 09:38:07', 5, 6);
insert into stock (stock_id, quantity, shipment_date, product_id, provider_id) values (6, 20, '2021-11-17 08:06:16', 6, 7);
insert into stock (stock_id, quantity, shipment_date, product_id, provider_id) values (7, 5, '2022-08-30 03:42:56', 7, 8);
insert into stock (stock_id, quantity, shipment_date, product_id, provider_id) values (8, 5, '2022-02-03 12:38:01', 8, 9);
insert into stock (stock_id, quantity, shipment_date, product_id, provider_id) values (9, 10, '2022-05-30 22:10:33', 2, 2);
insert into stock (stock_id, quantity, shipment_date, product_id, provider_id) values (10, 3, '2021-10-15 07:31:05', 6, 3);
insert into stock (stock_id, quantity, shipment_date, product_id, provider_id) values (11, 16, '2022-03-12 19:56:09', 3, 4);
insert into stock (stock_id, quantity, shipment_date, product_id, provider_id) values (12, 1, '2022-09-04 01:48:00', 5, 5);
insert into stock (stock_id, quantity, shipment_date, product_id, provider_id) values (13, 11, '2022-04-26 14:19:15', 2, 6);
insert into stock (stock_id, quantity, shipment_date, product_id, provider_id) values (14, 4, '2021-12-13 03:12:16', 5, 7);
insert into stock (stock_id, quantity, shipment_date, product_id, provider_id) values (15, 8, '2021-11-23 08:37:56', 4, 8);
insert into stock (stock_id, quantity, shipment_date, product_id, provider_id) values (16, 19, '2021-12-08 22:15:18', 6, 9);
insert into stock (stock_id, quantity, shipment_date, product_id, provider_id) values (17, 19, '2022-04-21 05:32:22', 5, 10);
insert into stock (stock_id, quantity, shipment_date, product_id, provider_id) values (18, 19, '2022-04-04 03:27:08', 3, 11);

#Carts
# insert into cart (cart_id, active, created, user_id) values (1, true, '2022-04-26 05:52:10', 6);
# insert into cart (cart_id, active, created, user_id) values (2, true, '2021-12-16 02:03:12', 42);
insert into cart (cart_id, active, created, user_id) values (3, true, '2021-12-18 13:55:10', 17);
insert into cart (cart_id, active, created, user_id) values (4, true, '2021-12-17 00:35:41', 6);
insert into cart (cart_id, active, created, user_id) values (5, true, '2022-05-19 11:51:12', 22);
insert into cart (cart_id, active, created, user_id) values (6, true, '2022-10-16 08:37:24', 6);
insert into cart (cart_id, active, created, user_id) values (7, true, '2022-02-06 11:48:40', 11);
insert into cart (cart_id, active, created, user_id) values (8, true, '2022-01-11 18:54:22', 5);
insert into cart (cart_id, active, created, user_id) values (9, true, '2022-07-17 03:31:35', 39);
insert into cart (cart_id, active, created, user_id) values (10, true, '2022-08-09 03:03:52', 18);
insert into cart (cart_id, active, created, user_id) values (11, true, '2022-11-05 02:28:25', 18);
insert into cart (cart_id, active, created, user_id) values (12, true, '2022-10-26 04:33:06', 5);
insert into cart (cart_id, active, created, user_id) values (13, true, '2022-04-28 12:29:59', 37);
insert into cart (cart_id, active, created, user_id) values (14, true, '2021-11-14 15:55:31', 25);
insert into cart (cart_id, active, created, user_id) values (15, true, '2022-11-01 21:14:42', 14);
insert into cart (cart_id, active, created, user_id) values (16, true, '2022-07-28 11:01:40', 35);
insert into cart (cart_id, active, created, user_id) values (17, true, '2022-04-06 02:50:04', 38);
#17

#LineItems
insert into line_item (line_item_id, quantity, cart_id, product_id) values (1, 2, 5, 8);
insert into line_item (line_item_id, quantity, cart_id, product_id) values (2, 4, 14, 1);
# insert into line_item (line_item_id, quantity, cart_id, product_id) values (3, 3, 2, 7);
insert into line_item (line_item_id, quantity, cart_id, product_id) values (4, 4, 11, 1);
insert into line_item (line_item_id, quantity, cart_id, product_id) values (5, 5, 6, 3);
insert into line_item (line_item_id, quantity, cart_id, product_id) values (6, 5, 16, 8);
insert into line_item (line_item_id, quantity, cart_id, product_id) values (7, 4, 10, 5);
insert into line_item (line_item_id, quantity, cart_id, product_id) values (8, 5, 14, 5);
insert into line_item (line_item_id, quantity, cart_id, product_id) values (9, 4, 10, 1);
insert into line_item (line_item_id, quantity, cart_id, product_id) values (10, 2, 10, 1);
insert into line_item (line_item_id, quantity, cart_id, product_id) values (11, 4, 14, 7);
insert into line_item (line_item_id, quantity, cart_id, product_id) values (12, 4, 13, 3);
insert into line_item (line_item_id, quantity, cart_id, product_id) values (13, 5, 15, 1);
insert into line_item (line_item_id, quantity, cart_id, product_id) values (14, 3, 11, 5);
insert into line_item (line_item_id, quantity, cart_id, product_id) values (15, 4, 10, 7);
insert into line_item (line_item_id, quantity, cart_id, product_id) values (16, 2, 16, 1);
insert into line_item (line_item_id, quantity, cart_id, product_id) values (17, 3, 6, 2);
insert into line_item (line_item_id, quantity, cart_id, product_id) values (18, 3, 7, 1);
insert into line_item (line_item_id, quantity, cart_id, product_id) values (19, 3, 14, 8);
insert into line_item (line_item_id, quantity, cart_id, product_id) values (20, 5, 11, 6);
insert into line_item (line_item_id, quantity, cart_id, product_id) values (21, 3, 10, 2);
insert into line_item (line_item_id, quantity, cart_id, product_id) values (22, 4, 6, 5);
insert into line_item (line_item_id, quantity, cart_id, product_id) values (23, 1, 7, 6);
insert into line_item (line_item_id, quantity, cart_id, product_id) values (24, 5, 6, 6);
insert into line_item (line_item_id, quantity, cart_id, product_id) values (25, 1, 15, 3);
insert into line_item (line_item_id, quantity, cart_id, product_id) values (26, 5, 15, 4);
insert into line_item (line_item_id, quantity, cart_id, product_id) values (27, 4, 7, 8);
insert into line_item (line_item_id, quantity, cart_id, product_id) values (28, 3, 5, 4);
insert into line_item (line_item_id, quantity, cart_id, product_id) values (29, 1, 6, 6);
insert into line_item (line_item_id, quantity, cart_id, product_id) values (30, 2, 14, 7);
insert into line_item (line_item_id, quantity, cart_id, product_id) values (31, 3, 10, 3);
insert into line_item (line_item_id, quantity, cart_id, product_id) values (32, 2, 4, 8);
insert into line_item (line_item_id, quantity, cart_id, product_id) values (33, 1, 12, 5);
insert into line_item (line_item_id, quantity, cart_id, product_id) values (34, 5, 9, 3);
insert into line_item (line_item_id, quantity, cart_id, product_id) values (35, 2, 6, 5);
# insert into line_item (line_item_id, quantity, cart_id, product_id) values (36, 2, 1, 3);
insert into line_item (line_item_id, quantity, cart_id, product_id) values (37, 3, 11, 8);
# insert into line_item (line_item_id, quantity, cart_id, product_id) values (38, 4, 1, 6);
insert into line_item (line_item_id, quantity, cart_id, product_id) values (39, 3, 12, 8);
insert into line_item (line_item_id, quantity, cart_id, product_id) values (40, 5, 15, 7);
insert into line_item (line_item_id, quantity, cart_id, product_id) values (41, 1, 6, 7);
insert into line_item (line_item_id, quantity, cart_id, product_id) values (42, 2, 10, 8);
insert into line_item (line_item_id, quantity, cart_id, product_id) values (43, 5, 13, 4);
# insert into line_item (line_item_id, quantity, cart_id, product_id) values (44, 4, 1, 8);
insert into line_item (line_item_id, quantity, cart_id, product_id) values (45, 1, 5, 5);
insert into line_item (line_item_id, quantity, cart_id, product_id) values (46, 5, 13, 1);
insert into line_item (line_item_id, quantity, cart_id, product_id) values (47, 1, 7, 8);
insert into line_item (line_item_id, quantity, cart_id, product_id) values (48, 2, 14, 2);
insert into line_item (line_item_id, quantity, cart_id, product_id) values (49, 1, 14, 6);
insert into line_item (line_item_id, quantity, cart_id, product_id) values (50, 4, 10, 4);

#CartLineItems
# insert into cart_line_items (cart_cart_id, line_items_line_item_id) values (1, 1);
# insert into cart_line_items (cart_cart_id, line_items_line_item_id) values (2, 2);
insert into cart_line_items (cart_cart_id, line_items_line_item_id) values (3, 3);
insert into cart_line_items (cart_cart_id, line_items_line_item_id) values (4, 4);
insert into cart_line_items (cart_cart_id, line_items_line_item_id) values (5, 5);
insert into cart_line_items (cart_cart_id, line_items_line_item_id) values (6, 6);
insert into cart_line_items (cart_cart_id, line_items_line_item_id) values (7, 7);
insert into cart_line_items (cart_cart_id, line_items_line_item_id) values (8, 8);
insert into cart_line_items (cart_cart_id, line_items_line_item_id) values (9, 9);
insert into cart_line_items (cart_cart_id, line_items_line_item_id) values (10, 10);
insert into cart_line_items (cart_cart_id, line_items_line_item_id) values (11, 11);
insert into cart_line_items (cart_cart_id, line_items_line_item_id) values (12, 12);
insert into cart_line_items (cart_cart_id, line_items_line_item_id) values (13, 13);
insert into cart_line_items (cart_cart_id, line_items_line_item_id) values (14, 14);
insert into cart_line_items (cart_cart_id, line_items_line_item_id) values (15, 15);
insert into cart_line_items (cart_cart_id, line_items_line_item_id) values (16, 16);
insert into cart_line_items (cart_cart_id, line_items_line_item_id) values (17, 17);
# insert into cart_line_items (cart_cart_id, line_items_line_item_id) values (1, 18);
# insert into cart_line_items (cart_cart_id, line_items_line_item_id) values (2, 19);
insert into cart_line_items (cart_cart_id, line_items_line_item_id) values (3, 20);
insert into cart_line_items (cart_cart_id, line_items_line_item_id) values (4, 21);
insert into cart_line_items (cart_cart_id, line_items_line_item_id) values (5, 22);
insert into cart_line_items (cart_cart_id, line_items_line_item_id) values (6, 23);
insert into cart_line_items (cart_cart_id, line_items_line_item_id) values (7, 24);
insert into cart_line_items (cart_cart_id, line_items_line_item_id) values (8, 25);
insert into cart_line_items (cart_cart_id, line_items_line_item_id) values (9, 26);
insert into cart_line_items (cart_cart_id, line_items_line_item_id) values (10, 27);
insert into cart_line_items (cart_cart_id, line_items_line_item_id) values (11, 28);
insert into cart_line_items (cart_cart_id, line_items_line_item_id) values (12, 29);
insert into cart_line_items (cart_cart_id, line_items_line_item_id) values (13, 30);
insert into cart_line_items (cart_cart_id, line_items_line_item_id) values (14, 31);
insert into cart_line_items (cart_cart_id, line_items_line_item_id) values (15, 32);
insert into cart_line_items (cart_cart_id, line_items_line_item_id) values (16, 33);
insert into cart_line_items (cart_cart_id, line_items_line_item_id) values (17, 34);
# insert into cart_line_items (cart_cart_id, line_items_line_item_id) values (1, 35);
# insert into cart_line_items (cart_cart_id, line_items_line_item_id) values (2, 36);
insert into cart_line_items (cart_cart_id, line_items_line_item_id) values (3, 37);
insert into cart_line_items (cart_cart_id, line_items_line_item_id) values (4, 38);
insert into cart_line_items (cart_cart_id, line_items_line_item_id) values (5, 39);
insert into cart_line_items (cart_cart_id, line_items_line_item_id) values (6, 40);
insert into cart_line_items (cart_cart_id, line_items_line_item_id) values (7, 41);
insert into cart_line_items (cart_cart_id, line_items_line_item_id) values (8, 42);
insert into cart_line_items (cart_cart_id, line_items_line_item_id) values (9, 43);
insert into cart_line_items (cart_cart_id, line_items_line_item_id) values (10, 44);
insert into cart_line_items (cart_cart_id, line_items_line_item_id) values (11, 45);
insert into cart_line_items (cart_cart_id, line_items_line_item_id) values (12, 46);
insert into cart_line_items (cart_cart_id, line_items_line_item_id) values (13, 47);
insert into cart_line_items (cart_cart_id, line_items_line_item_id) values (14, 48);
insert into cart_line_items (cart_cart_id, line_items_line_item_id) values (15, 49);
insert into cart_line_items (cart_cart_id, line_items_line_item_id) values (16, 50);


insert into ship_order (ship_order_id, created, delivery_date, processed, cart_id) values (1, '2021-11-20 05:17:56', '2021-11-27 12:51:29', true, 3);
insert into ship_order (ship_order_id, created, delivery_date, processed, cart_id) values (2, '2022-07-27 19:44:24', '2022-04-04 22:02:52', true, 17);
insert into ship_order (ship_order_id, created, delivery_date, processed, cart_id) values (3, '2022-03-12 14:58:19', '2021-11-11 09:08:45', true, 10);
insert into ship_order (ship_order_id, created, delivery_date, processed, cart_id) values (4, '2022-07-18 10:12:15', '2022-08-16 23:10:24', true, 14);
insert into ship_order (ship_order_id, created, delivery_date, processed, cart_id) values (5, '2022-08-01 01:10:50', '2022-06-03 22:01:43', true, 12);
insert into ship_order (ship_order_id, created, delivery_date, processed, cart_id) values (6, '2022-01-29 18:37:24', '2021-11-17 16:50:27', true, 11);
insert into ship_order (ship_order_id, created, delivery_date, processed, cart_id) values (7, '2022-02-05 12:17:44', '2022-08-25 11:52:17', true, 7);
insert into ship_order (ship_order_id, created, delivery_date, processed, cart_id) values (9, '2022-01-12 10:46:40', '2022-07-14 20:54:45', true, 8);
insert into ship_order (ship_order_id, created, delivery_date, processed, cart_id) values (10, '2022-08-12 16:49:36', '2022-03-30 01:10:57', true, 17);
# insert into ship_order (ship_order_id, created, delivery_date, processed, cart_id) values (11, '2022-04-27 08:18:13', '2022-09-06 09:27:35', true, 2);
insert into ship_order (ship_order_id, created, delivery_date, processed, cart_id) values (12, '2021-11-08 18:14:05', '2022-09-23 07:01:12', true, 14);
insert into ship_order (ship_order_id, created, delivery_date, processed, cart_id) values (13, '2021-11-11 08:15:21', '2022-03-10 16:40:20', true, 14);
# insert into ship_order (ship_order_id, created, delivery_date, processed, cart_id) values (14, '2022-05-27 22:27:18', '2022-03-07 21:50:54', true, 2);
# insert into ship_order (ship_order_id, created, delivery_date, processed, cart_id) values (15, '2021-12-20 20:05:23', '2022-05-31 21:09:58', true, 10);
insert into ship_order (ship_order_id, created, delivery_date, processed, cart_id) values (16, '2022-07-01 18:41:10', '2021-12-28 16:48:17', true, 13);
# insert into ship_order (ship_order_id, created, delivery_date, processed, cart_id) values (17, '2022-07-02 22:33:23', '2022-04-10 00:48:58', true, 10);
insert into ship_order (ship_order_id, created, delivery_date, processed, cart_id) values (18, '2022-03-20 17:02:21', '2022-07-13 06:53:09', true, 12);
insert into ship_order (ship_order_id, created, delivery_date, processed, cart_id) values (19, '2022-03-01 12:40:30', '2022-03-01 18:12:24', true, 8);
insert into ship_order (ship_order_id, created, delivery_date, processed, cart_id) values (20, '2022-07-13 09:38:30', '2022-09-18 14:35:05', true, 13);
insert into ship_order (ship_order_id, created, delivery_date, processed, cart_id) values (21, '2022-02-27 06:50:18', '2022-08-27 19:53:51', true, 16);
# insert into ship_order (ship_order_id, created, delivery_date, processed, cart_id) values (22, '2022-06-23 10:39:39', '2022-02-18 08:48:17', true, 10);
insert into ship_order (ship_order_id, created, delivery_date, processed, cart_id) values (23, '2022-06-20 01:33:51', '2022-05-29 15:12:13', true, 4);
# insert into ship_order (ship_order_id, created, delivery_date, processed, cart_id) values (24, '2022-11-01 10:50:59', '2022-05-01 19:17:55', true, 10);
insert into ship_order (ship_order_id, created, delivery_date, processed, cart_id) values (25, '2022-09-07 21:04:08', '2022-08-11 03:47:04', true, 4);
insert into ship_order (ship_order_id, created, delivery_date, processed, cart_id) values (26, '2022-10-14 09:42:32', '2022-03-07 12:09:33', true, 4);
# insert into ship_order (ship_order_id, created, delivery_date, processed, cart_id) values (27, '2022-08-12 14:41:59', '2022-04-07 16:08:30', true, 2);
insert into ship_order (ship_order_id, created, delivery_date, processed, cart_id) values (28, '2022-07-30 16:04:21', '2022-07-14 07:24:20', true, 9);
# insert into ship_order (ship_order_id, created, delivery_date, processed, cart_id) values (30, '2022-04-20 23:17:30', '2022-03-01 05:57:17', true, 2);